{"cameraMode":{"drawMode":0,"name":"Shaded","section":"Shading Mode"},"sceneLighting":false,"audioPlay":false,"sceneViewState":{"m_AlwaysRefresh":true,"showFog":true,"showSkybox":false,"showFlares":true,"showImageEffects":true,"showParticleSystems":true,"showVisualEffectGraphs":true,"m_FxEnabled":true},"in2DMode":false,"pivot":{"x":-6.419044494628906,"y":11.403427124023438,"z":14.747760772705079},"rotation":{"x":-0.13380679488182069,"y":0.8394327163696289,"z":-0.23939630389213563,"w":-0.4692155718803406},"size":27.602994918823243,"orthographic":false}