{"cameraMode":{"drawMode":0,"name":"Shaded","section":"Shading Mode"},"sceneLighting":false,"audioPlay":false,"sceneViewState":{"m_AlwaysRefresh":true,"showFog":true,"showSkybox":false,"showFlares":true,"showImageEffects":true,"showParticleSystems":true,"showVisualEffectGraphs":true,"m_FxEnabled":true},"in2DMode":false,"pivot":{"x":16.973312377929689,"y":6.074253082275391,"z":-5.609645843505859},"rotation":{"x":0.050291094928979877,"y":0.9014500975608826,"z":-0.41594475507736208,"w":0.10896579176187515},"size":40.85455322265625,"orthographic":false}