{"cameraMode":{"drawMode":0,"name":"Shaded","section":"Shading Mode"},"sceneLighting":false,"audioPlay":false,"sceneViewState":{"m_AlwaysRefresh":true,"showFog":true,"showSkybox":false,"showFlares":true,"showImageEffects":true,"showParticleSystems":true,"showVisualEffectGraphs":true,"m_FxEnabled":true},"in2DMode":false,"pivot":{"x":22.23064422607422,"y":-6.821220397949219,"z":-37.622764587402347},"rotation":{"x":0.017124135047197343,"y":0.9446358680725098,"z":-0.32388758659362795,"w":0.04992064833641052},"size":52.070335388183597,"orthographic":false}