{"cameraMode":{"drawMode":0,"name":"Shaded","section":"Shading Mode"},"sceneLighting":false,"audioPlay":false,"sceneViewState":{"m_AlwaysRefresh":true,"showFog":true,"showSkybox":false,"showFlares":true,"showImageEffects":true,"showParticleSystems":true,"showVisualEffectGraphs":true,"m_FxEnabled":true},"in2DMode":false,"pivot":{"x":-0.10277175903320313,"y":16.97003173828125,"z":-1.6803417205810547},"rotation":{"x":-0.21124213933944703,"y":0.7075136303901672,"z":-0.23667599260807038,"w":-0.6315152049064636},"size":25.433061599731447,"orthographic":false}