{"cameraMode":{"drawMode":0,"name":"Shaded","section":"Shading Mode"},"sceneLighting":false,"audioPlay":false,"sceneViewState":{"m_AlwaysRefresh":true,"showFog":true,"showSkybox":false,"showFlares":true,"showImageEffects":true,"showParticleSystems":true,"showVisualEffectGraphs":true,"m_FxEnabled":true},"in2DMode":false,"pivot":{"x":0.03999730944633484,"y":0.9023236036300659,"z":0.2830398678779602},"rotation":{"x":0.0972488597035408,"y":-0.8294348120689392,"z":0.528516948223114,"w":0.15278171002864839},"size":1.2792173624038697,"orthographic":false}