{"cameraMode":{"drawMode":0,"name":"Shaded","section":"Shading Mode"},"sceneLighting":false,"audioPlay":false,"sceneViewState":{"m_AlwaysRefresh":true,"showFog":true,"showSkybox":false,"showFlares":true,"showImageEffects":true,"showParticleSystems":true,"showVisualEffectGraphs":true,"m_FxEnabled":true},"in2DMode":false,"pivot":{"x":0.30849266052246096,"y":1.0469945669174195,"z":-5.995580673217773},"rotation":{"x":-0.2638397514820099,"y":0.38830408453941347,"z":-0.11706385761499405,"w":-0.8751623630523682},"size":5.6617302894592289,"orthographic":false}