{"cameraMode":{"drawMode":0,"name":"Shaded","section":"Shading Mode"},"sceneLighting":false,"audioPlay":false,"sceneViewState":{"m_AlwaysRefresh":true,"showFog":true,"showSkybox":false,"showFlares":true,"showImageEffects":true,"showParticleSystems":true,"showVisualEffectGraphs":true,"m_FxEnabled":true},"in2DMode":false,"pivot":{"x":22.62100601196289,"y":14.429214477539063,"z":7.2371368408203129},"rotation":{"x":0.030001619830727578,"y":0.9262332320213318,"z":-0.36813443899154665,"w":0.0754670798778534},"size":53.8331184387207,"orthographic":false}