{"cameraMode":{"drawMode":0,"name":"Shaded","section":"Shading Mode"},"sceneLighting":false,"audioPlay":false,"sceneViewState":{"m_AlwaysRefresh":true,"showFog":true,"showSkybox":false,"showFlares":true,"showImageEffects":true,"showParticleSystems":true,"showVisualEffectGraphs":true,"m_FxEnabled":true},"in2DMode":false,"pivot":{"x":-6.6001386642456059,"y":-1.125783920288086,"z":-22.601974487304689},"rotation":{"x":-0.01556185632944107,"y":0.9726704359054565,"z":-0.22140230238437653,"w":-0.06839506328105927},"size":40.509315490722659,"orthographic":false}