{"cameraMode":{"drawMode":0,"name":"Shaded","section":"Shading Mode"},"sceneLighting":false,"audioPlay":false,"sceneViewState":{"m_AlwaysRefresh":true,"showFog":true,"showSkybox":false,"showFlares":true,"showImageEffects":true,"showParticleSystems":true,"showVisualEffectGraphs":true,"m_FxEnabled":true},"in2DMode":false,"pivot":{"x":8.722450256347657,"y":18.428403854370118,"z":-2.9302330017089845},"rotation":{"x":-0.022101938724517823,"y":0.9621730446815491,"z":-0.2588561475276947,"w":-0.08217795938253403},"size":19.02629852294922,"orthographic":false}