{"cameraMode":{"drawMode":0,"name":"Shaded","section":"Shading Mode"},"sceneLighting":false,"audioPlay":false,"sceneViewState":{"m_AlwaysRefresh":true,"showFog":true,"showSkybox":false,"showFlares":true,"showImageEffects":true,"showParticleSystems":true,"showVisualEffectGraphs":true,"m_FxEnabled":true},"in2DMode":false,"pivot":{"x":2.769214630126953,"y":8.846691131591797,"z":-12.664993286132813},"rotation":{"x":-0.010459456592798233,"y":0.9803679585456848,"z":-0.18936768174171449,"w":-0.05417253077030182},"size":28.274892807006837,"orthographic":false}