{"cameraMode":{"drawMode":0,"name":"Shaded","section":"Shading Mode"},"sceneLighting":false,"audioPlay":false,"sceneViewState":{"m_AlwaysRefresh":true,"showFog":true,"showSkybox":false,"showFlares":true,"showImageEffects":true,"showParticleSystems":true,"showVisualEffectGraphs":true,"m_FxEnabled":true},"in2DMode":false,"pivot":{"x":-0.7514736652374268,"y":1.2860586643218995,"z":3.1584267616271974},"rotation":{"x":-0.2638397514820099,"y":0.38830408453941347,"z":-0.11706385761499405,"w":-0.8751623630523682},"size":1.9352662563323975,"orthographic":false}