{"cameraMode":{"drawMode":0,"name":"Shaded","section":"Shading Mode"},"sceneLighting":false,"audioPlay":false,"sceneViewState":{"m_AlwaysRefresh":true,"showFog":true,"showSkybox":false,"showFlares":true,"showImageEffects":true,"showParticleSystems":true,"showVisualEffectGraphs":true,"m_FxEnabled":true},"in2DMode":false,"pivot":{"x":0.015658855438232423,"y":1.0469945669174195,"z":-0.05688505992293358},"rotation":{"x":-0.2638397514820099,"y":0.38830408453941347,"z":-0.11706385761499405,"w":-0.8751623630523682},"size":1.768971562385559,"orthographic":false}