{"cameraMode":{"drawMode":0,"name":"Shaded","section":"Shading Mode"},"sceneLighting":false,"audioPlay":false,"sceneViewState":{"m_AlwaysRefresh":true,"showFog":true,"showSkybox":false,"showFlares":true,"showImageEffects":true,"showParticleSystems":true,"showVisualEffectGraphs":true,"m_FxEnabled":true},"in2DMode":false,"pivot":{"x":1.5979211330413819,"y":10.935548782348633,"z":-27.95714569091797},"rotation":{"x":-0.0032242266461253168,"y":0.990390419960022,"z":-0.1363469660282135,"w":-0.023478064686059953},"size":39.24346160888672,"orthographic":false}