{"cameraMode":{"drawMode":0,"name":"Shaded","section":"Shading Mode"},"sceneLighting":false,"audioPlay":false,"sceneViewState":{"m_AlwaysRefresh":true,"showFog":true,"showSkybox":false,"showFlares":true,"showImageEffects":true,"showParticleSystems":true,"showVisualEffectGraphs":true,"m_FxEnabled":true},"in2DMode":false,"pivot":{"x":7.182593822479248,"y":14.304145812988282,"z":-6.124067306518555},"rotation":{"x":-0.020608656108379365,"y":0.9611911177635193,"z":-0.2647864818572998,"w":-0.07483699917793274},"size":23.313085556030275,"orthographic":false}