{"cameraMode":{"drawMode":0,"name":"Shaded","section":"Shading Mode"},"sceneLighting":false,"audioPlay":false,"sceneViewState":{"m_AlwaysRefresh":true,"showFog":true,"showSkybox":false,"showFlares":true,"showImageEffects":true,"showParticleSystems":true,"showVisualEffectGraphs":true,"m_FxEnabled":true},"in2DMode":false,"pivot":{"x":-1.6167153120040894,"y":9.044513702392579,"z":8.17036247253418},"rotation":{"x":-0.0056963530369102959,"y":0.9662129282951355,"z":-0.25683653354644778,"w":-0.021455127745866777},"size":22.825889587402345,"orthographic":false}