{"cameraMode":{"drawMode":0,"name":"Shaded","section":"Shading Mode"},"sceneLighting":false,"audioPlay":false,"sceneViewState":{"m_AlwaysRefresh":true,"showFog":true,"showSkybox":false,"showFlares":true,"showImageEffects":true,"showParticleSystems":true,"showVisualEffectGraphs":true,"m_FxEnabled":true},"in2DMode":false,"pivot":{"x":5.3091630935668949,"y":1.046994686126709,"z":-0.03871244192123413},"rotation":{"x":-0.2638397514820099,"y":0.38830408453941347,"z":-0.11706385761499405,"w":-0.8751623630523682},"size":2.991931438446045,"orthographic":false}