{"cameraMode":{"drawMode":0,"name":"Shaded","section":"Shading Mode"},"sceneLighting":false,"audioPlay":false,"sceneViewState":{"m_AlwaysRefresh":true,"showFog":true,"showSkybox":false,"showFlares":true,"showImageEffects":true,"showParticleSystems":true,"showVisualEffectGraphs":true,"m_FxEnabled":true},"in2DMode":false,"pivot":{"x":-4.4487199783325199,"y":0.7111833095550537,"z":2.074885129928589},"rotation":{"x":-0.24534989893436433,"y":0.47019872069358828,"z":-0.13791467249393464,"w":-0.8364810347557068},"size":2.1533873081207277,"orthographic":false}